"ID (13)","Location","SB196","1_3","SB207","2_3","SB85","3_3","SB100","3_4","GCPM_2425","5_3","SB243","6_complicated","SB101","7_complicated","SB88","8_complicated","WPMS_15","9_3","Shuk124","10_2","Shuk034","11_2","Sare03",2,"Sare08",2
"Sg481","AguaFriaR",180,186,94,94,98,98,109,109,188,188,111,111,168,168,93,93,169,169,102,104,284,284,197,197,36,158
"Sg482","AguaFriaR",180,186,94,94,98,98,109,109,185,185,111,111,168,168,93,93,169,196,102,104,284,284,38,45,36,154
"Sg483","AguaFriaR",180,180,94,94,98,98,109,109,185,185,111,111,168,168,93,93,169,169,102,108,284,284,40,40,36,36
"Sg484","AguaFriaR",186,186,94,94,98,98,109,109,185,185,111,111,168,168,93,93,169,169,102,104,284,284,38,45,36,158
"Sg485","AguaFriaR",180,180,94,94,98,98,109,109,185,185,111,111,168,168,93,93,169,169,102,102,284,284,38,38,36,36
"Sg486","AguaFriaR",180,180,94,94,98,98,109,109,185,185,111,111,168,168,93,93,169,169,100,102,284,284,197,197,36,154
"Sg487","AguaFriaR",180,180,94,94,98,98,109,109,185,185,111,111,168,168,93,93,169,169,100,100,284,284,45,45,36,36
"Sg489","AguaFriaR",180,186,94,94,98,98,109,109,185,188,111,111,168,168,93,105,169,169,102,104,284,284,38,45,36,36
"Sg490","AguaFriaR",186,186,94,94,98,98,109,115,185,185,111,111,168,168,93,105,169,193,102,108,284,284,,,36,36
"Sg212","AlamoL",180,180,94,94,98,98,109,109,185,185,111,111,168,168,93,93,169,169,102,104,284,284,197,197,36,36
"Sg221","AlamoL",180,186,94,94,98,98,109,109,185,185,111,111,168,168,93,93,169,169,102,104,284,284,38,197,36,36
"Sg222","AlamoL",180,180,94,94,98,98,109,109,185,185,111,111,168,168,93,93,169,169,102,102,284,284,197,197,36,154
"Sg223","AlamoL",180,180,94,94,98,98,109,109,185,194,111,111,168,168,93,93,169,169,104,104,284,284,197,197,36,154
"Sg224","AlamoL",180,180,94,94,98,98,109,109,185,185,111,111,168,168,93,93,169,169,104,104,284,284,38,38,36,158
"Sg225","AlamoL",180,186,94,94,98,98,109,109,185,185,111,111,168,168,93,93,169,169,102,102,284,284,38,38,36,36
"Sg226","AlamoL",180,186,94,94,98,98,109,109,185,185,111,111,168,168,93,93,169,169,102,102,284,284,114,197,36,36
"Sg227","AlamoL",180,180,94,94,98,98,109,109,185,185,111,111,168,168,93,93,169,169,102,104,284,284,,,36,154
"Sg228","AlamoL",180,180,94,94,98,98,109,109,185,194,111,111,168,168,93,93,169,169,104,104,284,284,197,197,36,154
"Sg229","AlamoL",180,186,94,94,98,98,109,109,185,194,111,111,168,168,93,93,169,169,102,104,284,284,,,36,36
"Sg230","AlamoL",180,180,94,94,98,98,109,109,185,185,111,111,168,168,93,93,169,169,102,104,284,284,42,197,36,36
"Sg100","Cibola",180,186,94,94,98,98,109,109,185,185,111,111,168,168,93,93,169,169,102,102,284,284,38,38,36,36
"Sg91","Cibola",180,180,94,94,98,98,109,109,185,185,111,111,168,168,93,93,169,169,102,106,284,284,45,114,36,36
"Sg92","Cibola",180,180,94,94,98,98,109,109,185,185,111,111,168,168,93,93,169,169,104,104,284,284,,,36,36
"Sg93","Cibola",180,186,94,94,98,98,109,109,185,185,111,111,168,168,93,93,169,169,102,102,284,284,38,38,36,158
"Sg94","Cibola",186,186,94,94,98,98,109,109,185,188,111,111,168,168,93,93,169,169,104,104,284,284,38,45,36,36
"Sg95","Cibola",180,186,94,94,98,98,109,109,185,185,111,111,168,168,93,93,169,169,102,102,284,284,197,197,36,36
"Sg96","Cibola",180,180,94,94,98,98,109,109,185,185,111,111,168,168,93,93,169,169,,,284,284,,,,
"Sg97","Cibola",180,180,94,94,98,98,109,109,185,185,111,111,168,168,93,93,169,169,,,284,284,,,36,36
"Sg98","Cibola",180,180,94,94,98,98,109,109,185,185,111,111,168,168,93,93,169,169,102,104,284,284,38,45,36,36
"Sg99","Cibola",180,180,94,94,98,98,109,109,185,185,111,111,168,168,93,93,169,169,102,102,284,284,38,45,36,154
"Sg41","FishC",180,180,94,94,98,98,109,109,185,185,111,111,168,168,93,93,169,169,102,104,284,284,197,197,36,36
"Sg42","FishC",180,180,94,94,98,98,109,109,185,185,51,111,168,168,93,93,169,169,102,104,284,284,45,45,36,36
"Sg43","FishC",180,186,94,94,98,98,109,109,185,185,111,111,168,168,93,93,169,169,102,102,284,284,38,38,40,40
"Sg44","FishC",180,186,94,94,98,98,109,109,185,185,111,111,168,168,93,93,169,169,102,104,284,284,38,38,36,36
"Sg45","FishC",180,186,94,94,98,98,109,109,185,188,111,111,168,168,93,93,169,169,102,102,284,284,88,88,36,36
"Sg46","FishC",180,180,94,94,98,98,109,109,185,188,111,111,168,168,93,93,169,169,104,104,284,284,38,38,36,36
"Sg47","FishC",180,186,94,94,98,98,109,109,185,185,111,111,168,168,93,93,169,169,100,102,284,284,38,45,36,36
"Sg48","FishC",180,180,94,94,98,98,109,109,185,185,111,111,168,168,93,93,169,169,102,102,284,284,197,197,36,36
"Sg49","FishC",180,180,94,94,98,98,109,109,185,188,111,111,168,168,93,93,169,169,102,102,284,284,,,36,154
"Sg50","FishC",180,180,94,94,98,98,109,109,185,188,111,111,168,168,93,93,169,169,102,104,284,284,38,38,36,158
"Sg411","GilaR",180,186,94,94,98,98,109,109,185,188,111,111,168,168,93,93,169,169,102,104,284,284,38,38,36,36
"Sg412","GilaR",180,186,94,94,98,98,109,109,185,185,111,111,168,168,83,93,169,169,102,102,284,284,114,114,36,154
"Sg413","GilaR",186,186,94,94,98,98,109,109,185,185,111,111,168,168,93,93,169,169,100,102,284,284,45,45,36,158
"Sg414","GilaR",180,180,94,94,98,98,109,109,185,185,111,111,168,168,93,93,169,169,102,102,284,284,197,197,36,36
"Sg415","GilaR",180,186,94,94,98,98,109,109,185,185,111,111,168,168,83,93,169,169,102,102,284,284,38,197,36,36
"Sg416","GilaR",180,186,94,94,98,98,109,109,185,185,111,111,168,168,83,93,169,169,102,102,284,284,197,197,36,158
"Sg417","GilaR",180,186,94,94,98,98,109,109,185,185,111,111,168,168,93,93,169,169,102,104,284,284,45,45,36,158
"Sg418","GilaR",180,186,94,94,98,98,109,109,185,188,111,111,168,168,93,93,169,169,102,102,284,284,38,38,36,36
"Sg419","GilaR",186,186,94,94,98,98,109,109,185,185,111,111,168,168,93,93,169,169,102,112,284,284,38,197,,
"Sg420","GilaR",180,186,94,94,98,98,109,109,185,185,111,111,168,168,93,93,169,169,102,104,284,284,,,36,36
"Sg471","GilaR",180,186,94,94,98,98,109,109,185,188,111,111,168,168,93,93,169,169,102,102,284,284,38,38,36,36
"Sg472","GilaR",180,180,94,94,98,98,109,109,185,191,111,111,168,168,83,93,169,169,102,102,284,284,38,38,36,36
"Sg473","GilaR",180,186,94,94,98,98,109,109,185,185,111,111,168,168,93,93,169,169,100,102,284,284,197,197,36,36
"Sg474","GilaR",186,186,94,94,98,98,109,109,185,188,111,111,168,168,93,93,169,169,100,100,284,284,197,197,36,158
"Sg475","GilaR",180,180,94,94,98,98,109,109,185,185,111,111,168,168,93,93,169,169,102,104,284,284,197,197,36,158
"Sg476","GilaR",180,186,94,94,98,98,109,109,185,185,111,111,168,168,93,93,169,169,100,102,284,284,,,36,36
"Sg477","GilaR",180,186,94,94,98,98,109,109,188,188,111,111,168,177,93,93,169,193,102,102,284,284,,,36,36
"Sg478","GilaR",186,186,94,94,98,98,109,109,185,188,111,111,168,168,83,93,169,169,102,104,284,284,38,38,36,158
"Sg479","GilaR",186,186,94,94,98,98,109,109,185,185,111,111,168,168,93,93,169,169,102,102,284,284,38,38,36,36
"Sg480","GilaR",180,186,94,94,98,98,109,109,185,188,111,111,168,168,93,93,169,169,102,102,284,284,62,197,36,158
"Sg291","GR3W",180,186,94,94,98,98,109,109,185,185,111,111,168,168,93,93,169,169,100,102,284,284,197,197,36,154
"Sg292","GR3W",180,186,94,94,98,98,109,109,185,188,111,111,168,168,93,93,169,169,102,104,284,284,197,197,36,158
"Sg293","GR3W",180,186,94,94,98,98,109,109,185,188,111,111,168,168,93,93,169,169,102,102,284,284,197,197,36,36
"Sg294","GR3W",186,186,94,94,98,98,109,109,185,185,111,111,168,168,93,93,169,169,102,102,284,284,38,45,36,158
"Sg295","GR3W",186,192,92,94,98,98,109,115,185,188,48,111,168,168,93,93,169,169,102,102,284,284,38,38,36,36
"Sg296","GR3W",180,180,94,94,98,98,109,109,188,188,111,111,168,168,93,93,169,169,102,104,284,284,45,45,36,36
"Sg297","GR3W",180,180,94,94,98,98,109,109,185,185,111,111,168,168,93,93,169,169,102,104,284,284,197,197,36,158
"Sg298","GR3W",180,186,94,94,98,98,109,109,185,185,111,111,168,168,93,93,169,169,102,104,284,284,88,88,36,36
"Sg299","GR3W",186,186,94,94,98,98,109,109,185,185,111,111,168,168,93,93,169,169,100,102,284,284,38,197,36,158
"Sg300","GR3W",180,186,94,94,98,98,109,109,185,188,115,115,168,168,93,93,169,169,102,104,284,284,,,36,36
"Sg330","GR3W",186,186,94,94,98,98,109,109,185,188,111,111,168,168,93,93,169,169,102,108,284,284,197,197,36,154
"Sg111","HassyampaR",180,186,94,94,98,98,109,109,185,185,111,111,168,168,93,93,169,169,102,102,284,284,45,45,36,36
"Sg112","HassyampaR",180,186,94,94,98,98,109,109,185,185,111,111,168,168,93,93,169,169,102,102,284,284,38,38,36,36
"Sg113","HassyampaR",180,180,94,94,98,98,109,109,185,185,111,111,168,168,93,93,169,169,102,104,284,284,38,38,36,158
"Sg114","HassyampaR",180,186,94,94,98,98,109,109,185,185,111,111,168,168,93,93,169,169,102,102,284,284,197,197,36,158
"Sg115","HassyampaR",180,186,94,94,98,98,109,109,185,191,111,111,168,168,93,93,169,169,102,102,284,284,114,114,36,158
"Sg116","HassyampaR",180,186,94,94,98,98,109,109,185,185,111,111,168,168,93,93,169,193,102,102,284,284,38,38,36,36
"Sg117","HassyampaR",180,186,94,94,98,98,109,109,185,185,111,111,168,168,93,93,169,169,102,102,284,284,45,45,40,158
"Sg117","HassyampaR",180,186,94,94,98,98,109,109,185,185,111,111,168,168,93,93,169,169,102,102,284,284,38,45,36,36
"Sg118","HassyampaR",180,180,94,94,98,98,109,109,185,185,111,111,168,168,93,93,169,169,102,104,284,284,,,36,158
"Sg119","HassyampaR",180,180,94,94,98,98,109,109,185,185,111,111,168,168,93,93,169,169,102,104,284,284,38,38,36,158
"Sg120","HassyampaR",180,180,94,94,98,98,109,109,185,185,111,111,168,168,93,93,169,169,104,104,284,284,38,38,36,36
"Sg551","MittryL",180,180,94,94,98,98,109,109,185,185,111,111,168,168,93,93,169,169,102,104,284,284,197,197,36,36
"Sg552","MittryL",180,180,94,94,98,98,109,109,185,185,111,111,168,168,93,93,169,169,102,102,284,284,38,38,36,36
"Sg553","MittryL",180,180,94,94,98,98,109,109,185,185,111,111,168,168,93,93,169,169,102,102,284,284,197,197,36,36
"Sg554","MittryL",186,186,94,94,98,98,109,109,185,185,111,111,168,168,93,93,169,169,102,104,284,284,38,45,36,36
"Sg555","MittryL",180,180,94,94,98,98,109,109,185,185,111,111,168,168,93,93,169,169,102,104,284,284,197,197,36,154
"Sg556","MittryL",180,180,94,94,98,98,109,109,185,185,111,111,168,168,93,93,169,169,,,,,38,38,36,154
"Sg557","MittryL",180,186,94,94,98,98,109,109,185,188,111,115,168,168,93,93,169,169,102,104,284,284,,,36,36
"Sg558","MittryL",180,186,94,94,98,98,109,109,185,188,111,111,168,168,93,93,169,169,104,104,284,284,38,114,36,154
"Sg559","MittryL",186,186,94,94,98,98,109,109,185,185,111,111,168,168,93,93,169,169,104,110,284,284,88,114,154,154
"Sg560","MittryL",180,180,94,94,98,98,109,109,185,185,111,111,168,168,93,93,169,169,104,104,284,284,38,38,36,36
"Sg621","PaloVerde",180,186,94,94,98,98,109,109,185,188,111,111,168,168,93,93,169,169,104,104,284,284,,,36,36
"Sg623","PaloVerde",180,186,94,94,98,98,109,109,185,185,111,111,168,168,93,93,169,193,104,104,284,284,42,42,158,158
"Sg624","PaloVerde",180,186,94,94,98,98,109,109,185,188,111,111,168,168,93,93,169,169,104,104,284,284,38,38,36,36
"Sg627","PaloVerde",180,186,94,94,98,98,109,109,185,185,111,111,168,168,93,93,169,169,104,104,284,284,45,45,36,36
"Sg630","PaloVerde",180,180,94,94,98,98,109,109,185,188,111,111,168,168,93,93,169,169,104,104,284,284,86,101,36,36
"Sg631","PaloVerde",180,186,94,94,98,98,109,109,185,185,111,111,168,168,93,93,169,169,104,104,284,284,38,38,36,158
"Sg632","PaloVerde",180,186,94,94,98,98,109,109,185,188,111,111,168,168,93,93,169,169,102,104,284,284,38,38,40,40
"Sg633","PaloVerde",180,180,94,94,98,98,109,109,185,185,111,111,168,168,93,93,169,169,102,112,284,284,86,197,158,158
"Sg634","PaloVerde",180,186,94,94,98,98,109,109,185,185,111,111,168,168,93,93,169,193,102,102,284,284,,,36,36
"Sg51","RooseveltL",180,186,94,94,98,98,109,109,185,185,111,111,168,168,93,93,169,169,102,102,284,284,,,36,36
"Sg52","RooseveltL",180,186,94,94,98,98,109,109,185,185,111,111,168,168,93,93,169,169,102,102,284,284,,,36,36
"Sg53","RooseveltL",180,180,94,94,98,98,109,109,185,188,111,111,168,168,93,93,169,169,102,102,284,284,45,45,36,36
"Sg54","RooseveltL",180,186,94,94,98,98,109,109,185,188,111,111,168,168,93,93,169,169,100,100,284,284,45,45,36,36
"Sg55","RooseveltL",180,186,94,94,98,98,109,109,188,188,111,111,168,168,93,93,169,169,102,102,284,284,88,88,36,36
"Sg56","RooseveltL",180,186,94,94,98,98,109,109,185,185,111,111,168,168,93,93,169,169,102,102,284,284,38,38,36,158
"Sg57","RooseveltL",180,186,94,94,98,98,109,109,185,188,111,111,168,168,93,93,169,169,102,104,284,284,38,38,36,154
"Sg58","RooseveltL",180,186,94,94,98,98,109,109,185,185,111,111,168,168,93,93,169,169,102,102,284,284,95,197,36,36
"Sg59","RooseveltL",180,180,94,94,98,98,109,109,185,185,111,111,168,168,93,93,169,169,102,102,284,284,112,112,36,36
"Sg60","RooseveltL",180,180,94,94,98,98,109,109,185,185,111,111,168,168,93,93,169,169,102,102,284,284,,,36,36
"Sg311","SanPedroR",186,186,94,94,98,98,109,109,185,188,111,111,168,168,93,93,169,169,102,102,284,284,38,38,36,158
"Sg312","SanPedroR",180,186,94,94,98,98,109,109,185,185,111,111,168,168,93,93,169,169,102,104,284,284,38,197,36,158
"Sg313","SanPedroR",180,186,94,94,98,98,109,109,185,185,111,115,168,168,93,93,169,169,102,104,284,284,38,114,36,158
"Sg314","SanPedroR",180,186,94,94,98,98,109,109,185,185,111,111,168,168,93,93,169,169,102,102,284,284,,,42,158
"Sg315","SanPedroR",180,186,94,94,98,98,109,109,185,185,111,111,168,168,93,93,169,169,102,102,284,284,197,197,36,158
"Sg316","SanPedroR",186,186,94,94,98,98,109,109,185,185,111,111,168,168,93,93,169,169,102,102,284,284,197,197,158,158
"Sg317","SanPedroR",180,186,94,94,98,98,109,109,185,185,111,111,168,168,93,93,169,169,102,104,284,284,197,197,36,156
"Sg318","SanPedroR",186,186,94,94,98,98,109,109,188,188,111,111,168,168,93,93,169,169,102,104,284,284,197,197,158,158
"Sg319","SanPedroR",180,186,94,94,98,98,109,109,185,185,111,111,168,168,93,93,169,169,104,104,284,284,106,106,36,158
"Sg320","SanPedroR",180,186,94,94,98,98,109,109,188,188,48,111,168,168,93,93,169,169,102,102,284,284,38,38,36,36
"Sg181","SantaCruzR",186,186,94,94,98,98,109,109,185,185,111,111,168,168,93,93,169,169,102,104,284,284,45,45,36,36
"Sg182","SantaCruzR",180,186,94,94,98,98,109,109,185,185,111,111,168,168,93,93,169,169,102,102,284,284,47,47,36,36
"Sg183","SantaCruzR",180,186,94,94,98,98,109,109,185,188,111,111,168,168,93,93,169,169,102,102,284,284,38,38,36,36
"Sg184","SantaCruzR",180,186,94,94,98,98,109,109,185,185,111,111,168,168,93,93,169,169,102,104,284,284,,,36,36
"Sg185","SantaCruzR",180,186,94,94,98,98,109,109,185,185,111,111,168,168,93,93,169,169,102,102,284,284,197,197,36,158
"Sg186","SantaCruzR",186,186,94,94,98,98,109,109,185,185,111,111,168,168,93,93,169,169,102,104,284,284,197,197,36,158
"Sg187","SantaCruzR",180,186,94,94,98,98,109,109,185,185,111,111,168,168,93,93,169,169,102,102,284,284,38,38,36,36
"Sg188","SantaCruzR",180,186,94,94,98,98,109,109,188,188,111,111,177,177,93,93,169,169,102,102,284,284,197,197,36,158
"Sg189","SantaCruzR",186,186,94,94,98,98,109,109,185,185,111,111,168,168,93,93,169,169,102,102,284,284,197,197,36,156
"Sg190","SantaCruzR",186,186,94,94,98,98,109,109,185,185,111,111,168,168,93,93,169,169,102,102,284,284,38,197,36,158
"Sg321","SonoitaC",180,186,94,94,98,98,109,109,185,185,111,111,168,168,93,93,169,169,102,104,284,284,38,197,36,154
"Sg322","SonoitaC",186,186,94,94,98,98,109,109,185,188,111,111,168,168,93,93,169,169,100,102,284,284,197,197,36,36
"Sg323","SonoitaC",180,186,94,94,98,98,109,109,185,188,111,111,168,168,93,93,169,169,102,102,284,284,197,197,36,154
"Sg324","SonoitaC",186,186,94,94,98,98,109,109,185,188,111,111,168,168,93,93,169,169,102,102,284,284,197,197,36,36
"Sg325","SonoitaC",186,186,94,94,98,98,109,109,185,188,111,111,168,168,93,93,169,169,,,284,284,,,,
"Sg326","SonoitaC",180,180,94,94,98,98,109,109,185,188,111,111,168,168,93,93,169,169,,,284,284,,,,
"Sg327","SonoitaC",186,186,94,94,98,98,109,109,185,185,111,111,168,168,93,93,169,169,,,284,284,197,197,,
"Sg328","SonoitaC",186,186,94,94,98,98,109,109,185,188,111,111,168,168,93,93,169,169,102,102,284,284,38,38,36,158
"Sg329","SonoitaC",186,186,94,94,98,98,109,109,185,188,111,111,168,168,93,93,169,169,102,108,284,284,197,197,36,36
"Sg11","VerdeR",180,186,94,94,98,98,109,109,185,185,111,111,168,168,93,93,169,169,,,284,284,114,114,36,154
"Sg12","VerdeR",180,186,94,94,98,98,109,109,185,185,51,111,168,168,83,93,169,169,102,102,284,284,38,38,36,154
"Sg13","VerdeR",180,186,94,94,98,98,109,109,185,188,111,111,168,168,93,93,169,169,100,102,284,284,38,38,36,36
"Sg14","VerdeR",180,180,94,94,98,98,109,109,185,185,111,111,168,168,93,93,169,169,102,102,284,284,38,38,36,36
"Sg15","VerdeR",180,180,94,94,98,98,109,109,185,185,111,111,168,168,93,93,169,169,102,104,284,284,62,62,36,36
"Sg16","VerdeR",180,186,94,94,98,98,109,109,185,185,111,111,168,168,93,93,169,169,102,102,284,284,38,45,36,40
"Sg17","VerdeR",180,180,94,94,98,98,109,109,185,188,111,111,168,168,93,93,169,169,102,104,284,284,197,197,36,36
"Sg18","VerdeR",180,180,94,94,98,98,109,109,185,188,111,111,168,168,93,93,169,169,102,102,284,284,38,45,36,158
"Sg19","VerdeR",180,186,94,94,98,98,109,109,185,185,111,111,168,168,93,93,169,169,102,104,284,284,,,,
"Sg20","VerdeR",180,180,94,94,98,98,109,109,185,185,111,111,168,168,93,93,169,169,102,102,284,284,45,45,36,36
"Sg401","VerdeR",180,180,94,94,98,98,109,109,185,188,111,111,168,168,93,93,169,169,108,108,284,284,,,36,36
"Sg402","VerdeR",180,180,94,94,98,98,109,109,188,188,111,111,168,168,93,93,169,169,102,104,284,284,,,36,36
"Sg403","VerdeR",180,180,94,94,98,98,109,109,188,188,111,111,168,168,93,93,169,169,108,108,284,284,88,114,36,158
"Sg404","VerdeR",180,180,94,94,98,98,109,109,185,185,111,111,168,168,93,93,169,169,102,102,284,284,45,197,36,158
"Sg405","VerdeR",180,186,94,94,98,98,109,109,185,185,111,111,168,168,93,93,169,169,102,102,284,284,197,197,36,154
"Sg406","VerdeR",180,186,94,94,98,98,109,109,185,185,111,111,168,168,93,93,169,169,102,102,284,284,38,45,36,154
"Sg407","VerdeR",180,186,94,94,98,98,109,109,185,185,111,111,168,168,93,93,169,169,102,102,284,284,197,197,36,36
"Sg408","VerdeR",180,186,94,94,98,98,109,109,185,185,111,111,168,168,93,93,169,169,102,102,284,284,38,38,36,154
"Sg409","VerdeR",180,186,94,94,98,98,109,109,185,185,111,111,168,168,93,93,169,169,102,104,284,284,38,38,36,154
"Sg410","VerdeR",180,180,94,94,98,98,109,109,185,185,111,111,168,168,93,93,169,169,102,102,284,284,45,45,36,36
"Sg191","AlamoL",180,180,94,94,98,98,109,109,185,188,111,111,168,168,93,93,169,169,102,102,284,284,38,38,36,36
"Sg635","PaloVerde",171,180,98,98,95,101,115,115,191,191,111,111,168,168,93,98,193,193,102,112,284,284,114,195,36,36
"Sg636","PaloVerde",180,180,94,94,98,98,109,109,185,185,111,111,168,168,93,93,169,169,112,112,284,284,,,36,154
