,,772,772,60,60,2903,2903,333,333,2315,2315,961,961,2900,2900,3681,3681,2425,2425,2992,2992,1754,1754,1685,1685,3457,3457,3592,3592,3907,3907
32,Fremont,-1,-1,194,206,183,183,106,106,165,174,146,146,-1,-1,93,96,190,190,200,200,139,139,120,120,205,207,218,218,106,108
146,Fremont,-1,-1,-1,-1,183,183,106,106,165,165,148,148,169,173,93,96,187,190,200,200,141,141,120,120,205,207,220,220,106,106
330,Fremont,-1,-1,194,206,183,183,100,100,162,165,146,146,169,175,96,96,190,190,200,200,139,147,120,120,199,199,218,226,108,108
341,Fremont,-1,-1,194,206,183,183,106,109,162,165,146,146,169,169,84,99,190,190,200,200,149,149,120,120,203,207,218,236,106,108
355,Fremont,-1,-1,206,206,183,183,103,103,162,165,146,146,177,177,96,96,190,190,200,200,135,149,120,120,207,207,218,224,106,108
376,Fremont,-1,-1,194,206,183,183,97,100,156,165,148,158,171,183,90,93,187,190,200,226,-1,-1,120,120,187,199,212,220,106,110
383,Fremont,-1,-1,194,194,-1,-1,100,109,156,156,148,158,171,183,90,93,190,190,200,200,137,147,120,120,187,199,220,220,106,110
417,Fremont,-1,-1,206,206,183,183,109,109,162,171,168,172,-1,-1,96,99,190,190,200,200,143,143,124,124,199,199,216,218,110,110
CPW23,Fremont,-1,-1,206,206,183,183,97,106,162,165,146,146,169,179,93,96,190,190,200,200,137,137,120,120,199,199,222,224,106,112
DC1,Fremont,-1,-1,194,206,183,183,118,118,165,168,146,146,169,177,93,96,190,190,200,200,137,141,120,120,207,209,220,222,106,108
FP18,Fremont,-1,-1,194,206,183,183,103,124,165,171,148,148,171,171,93,96,187,190,200,200,149,149,120,120,203,205,220,222,106,108
GR2,Fremont,-1,-1,206,206,183,183,94,94,165,165,164,166,169,169,96,96,190,190,200,200,143,143,120,124,209,209,214,236,108,114
HC20,Fremont,-1,-1,206,206,183,183,109,115,156,165,146,166,177,177,105,108,190,190,200,200,149,149,120,120,199,207,210,220,106,106
LB9,Fremont,-1,-1,194,194,183,183,103,118,171,171,146,148,-1,-1,93,93,190,190,200,200,147,147,120,120,199,199,218,222,106,110
OC8,Fremont,-1,-1,194,194,183,183,106,130,165,165,146,146,169,173,93,93,187,190,200,200,147,149,120,120,-1,-1,220,234,108,108
PR2,Fremont,-1,-1,194,206,183,183,97,121,165,165,146,146,169,169,99,99,190,190,200,200,139,139,120,120,205,209,222,222,110,114
PRV11,Fremont,-1,-1,194,206,183,183,100,127,162,165,146,166,169,179,96,96,187,190,200,200,149,151,120,120,199,213,220,222,106,112
RB1,Fremont,-1,-1,206,206,183,183,94,94,156,156,164,168,169,169,102,102,190,190,200,200,143,143,124,124,199,203,216,218,112,112
RIGR2,Fremont,-1,-1,194,206,183,183,100,109,156,168,146,146,-1,-1,93,96,190,196,200,200,139,141,120,120,197,199,220,222,106,106
SB24,Fremont,-1,-1,194,194,183,183,100,100,165,168,146,146,-1,-1,93,96,190,190,200,200,143,145,120,120,199,203,218,226,108,108
SR7,Fremont,-1,-1,194,194,183,183,106,109,168,171,148,148,-1,-1,93,93,187,190,200,200,145,147,120,120,199,199,220,224,106,106
SU12,Fremont,-1,-1,206,206,183,183,94,94,165,171,146,166,-1,-1,96,96,190,190,200,200,149,149,120,120,197,209,214,218,106,106
SU16,Fremont,-1,-1,206,206,183,183,94,94,156,156,146,164,-1,-1,96,96,190,190,200,200,149,149,120,124,195,197,218,224,110,110
SU2,Fremont,-1,-1,206,206,183,183,109,118,156,171,146,168,-1,-1,96,96,190,190,200,200,145,149,120,124,205,205,212,212,104,112
TCC20,Fremont,-1,-1,194,206,183,183,103,115,165,168,146,146,-1,-1,93,108,187,187,200,200,147,147,120,120,195,207,-1,-1,106,106
TCC4,Fremont,-1,-1,194,206,183,183,103,103,165,165,146,148,-1,-1,84,93,190,190,200,200,147,149,120,120,199,207,216,232,106,106
VR9,Fremont,-1,-1,206,206,183,183,94,106,162,168,146,154,169,169,93,96,190,190,200,200,149,149,120,120,197,199,224,226,106,106
WRP1,Fremont,-1,-1,206,206,183,183,94,100,159,162,150,166,177,185,90,96,187,190,200,200,137,141,124,124,199,211,198,224,108,114
BC10,Fremont,169,169,206,206,183,183,94,97,159,165,164,164,169,169,93,99,193,193,200,200,141,141,120,124,213,213,224,226,106,114
BC4,Fremont,190,190,206,206,183,183,94,97,159,162,158,164,169,189,93,96,193,193,200,200,137,141,124,124,213,213,224,224,106,114
BC7,Fremont,190,190,206,206,183,183,94,97,159,159,154,167,187,189,93,99,190,190,200,200,143,143,120,124,199,199,224,224,114,114
CV6,Fremont,184,184,194,194,183,183,97,103,168,174,146,146,169,169,87,96,190,190,200,200,139,147,120,120,205,205,220,222,108,108
KH8,Fremont,190,190,206,206,183,183,94,112,159,162,146,166,187,193,96,96,190,190,200,200,143,151,120,120,205,211,224,228,106,106
KS3-3,Fremont,184,184,206,206,183,183,109,112,162,165,146,146,169,169,96,108,190,190,200,200,141,149,-1,-1,203,207,222,230,106,110
LP25,Fremont,184,184,194,194,183,183,100,100,165,171,148,148,171,175,93,93,190,193,200,200,147,147,120,120,199,205,226,230,106,108
LP26,Fremont,184,184,194,206,183,183,100,103,165,171,146,148,171,171,93,93,190,190,200,200,147,147,120,120,205,205,228,232,106,106
MT19,Fremont,-1,-1,206,206,183,183,103,103,159,159,150,158,187,189,96,96,190,193,200,200,139,139,120,120,193,193,220,230,106,106
SM4,Fremont,184,184,206,206,183,183,94,94,156,159,166,166,169,169,93,96,190,190,200,200,141,143,124,124,209,209,198,218,104,112
RN6,Fremont,184,184,206,206,183,183,94,94,159,168,166,172,169,169,99,108,190,190,200,200,143,143,120,124,197,199,212,216,104,106
RN7,Fremont,184,184,206,206,183,183,94,97,156,159,166,168,169,169,96,108,190,190,200,200,141,141,120,124,203,209,214,218,104,104
XS9-1,Fremont,184,187,206,206,183,183,91,94,162,165,146,156,167,169,93,93,190,190,200,200,139,151,120,120,205,207,220,226,-1,-1
MT11,Fremont,181,181,206,206,177,177,100,100,156,162,154,158,163,163,105,105,190,196,222,226,145,145,116,116,191,197,234,238,116,116
AL115,narrowleaf,181,181,206,206,-1,-1,97,100,153,156,146,150,173,173,102,111,190,193,228,230,155,155,116,116,-1,-1,236,236,108,108
AL27,narrowleaf,181,181,206,206,-1,-1,97,100,153,156,146,150,173,173,102,111,190,193,228,230,155,155,116,116,-1,-1,236,242,108,108
BR18,narrowleaf,181,181,206,206,-1,-1,97,97,156,162,150,150,173,173,102,105,190,193,224,230,149,155,116,116,-1,-1,242,244,108,108
BR19,narrowleaf,178,181,206,206,-1,-1,94,97,153,162,150,150,173,173,105,105,190,190,224,224,149,149,116,116,-1,-1,236,242,108,108
BR5,narrowleaf,169,169,206,206,-1,-1,97,97,153,162,150,150,173,173,102,102,190,193,224,230,151,151,116,116,-1,-1,236,244,108,108
ML1,narrowleaf,166,166,206,206,-1,-1,97,97,162,162,148,150,173,173,105,105,193,193,224,224,-1,-1,116,116,-1,-1,236,240,108,108
ML5,narrowleaf,166,166,206,206,-1,-1,97,97,162,162,148,150,173,173,105,105,193,193,224,224,-1,-1,116,116,-1,-1,236,240,108,108
QL1,narrowleaf,181,181,206,206,177,177,97,97,153,165,150,150,173,173,102,102,190,190,224,224,-1,-1,116,116,-1,-1,238,238,108,108
QL4,narrowleaf,184,184,206,206,177,177,97,97,156,162,150,150,173,173,102,102,190,193,224,230,-1,-1,116,116,-1,-1,234,238,108,108
SEN10,narrowleaf,193,193,206,206,-1,-1,97,100,153,156,148,150,173,173,105,111,193,193,224,224,157,157,116,116,-1,-1,244,244,108,108
SHW1,narrowleaf,169,175,206,206,-1,-1,97,97,153,156,148,150,173,173,105,105,190,193,230,232,-1,-1,116,116,-1,-1,244,248,108,108
THB3,narrowleaf,166,166,206,206,-1,-1,97,97,153,153,146,148,173,173,102,105,190,193,224,230,155,155,116,116,-1,-1,240,242,108,108
1005,narrowleaf,169,169,206,206,141,177,97,100,156,156,154,154,163,163,96,105,190,190,226,228,-1,-1,116,116,193,197,234,234,106,110
1008,narrowleaf,169,169,206,206,177,177,100,100,156,162,154,154,163,163,105,105,190,190,226,226,-1,-1,116,116,191,197,234,238,114,114
1012,narrowleaf,169,169,206,206,177,177,100,100,156,162,154,154,163,173,96,105,190,190,226,228,-1,-1,116,116,195,197,234,236,106,116
1017,narrowleaf,169,169,206,206,177,177,97,100,156,162,154,158,163,163,105,105,190,190,226,228,-1,-1,116,116,195,197,234,236,106,116
1020,narrowleaf,169,169,206,206,177,177,100,100,156,162,156,156,163,163,105,105,190,190,226,226,-1,-1,116,116,191,197,234,238,114,114
1023,narrowleaf,-1,-1,206,206,141,177,100,100,156,162,154,156,163,173,90,105,190,193,226,232,-1,-1,116,116,191,191,234,236,106,112
996,narrowleaf,169,169,206,206,177,177,100,100,156,156,154,154,163,163,105,105,190,190,228,228,-1,-1,116,116,191,193,234,240,112,116
Coal-3,narrowleaf,169,169,206,206,177,177,100,100,156,156,154,154,163,163,105,105,190,190,224,228,-1,-1,116,116,191,199,234,244,106,116
GSD18,narrowleaf,169,181,206,206,177,177,100,100,156,156,152,152,163,163,102,102,190,196,224,224,151,151,116,116,197,199,232,236,108,108
GSD8,narrowleaf,169,181,206,206,177,177,100,100,162,162,150,152,163,163,96,99,193,193,224,226,-1,-1,116,116,199,199,244,244,108,108
HE10,narrowleaf,169,169,206,206,141,177,100,100,156,162,154,156,163,165,105,105,193,196,226,226,-1,-1,116,120,195,203,234,242,106,116
He-8,narrowleaf,169,169,206,206,177,177,100,100,156,162,144,154,163,163,105,105,190,190,226,226,-1,-1,116,116,195,195,234,236,106,116
MT11,narrowleaf,181,181,206,206,177,177,100,100,156,162,154,158,163,163,105,105,190,196,222,226,145,145,116,116,191,197,234,238,116,116
RN30,narrowleaf,181,181,206,206,177,177,100,100,156,156,150,150,163,163,105,105,193,196,224,224,-1,-1,116,116,195,201,234,234,108,108
RN32,narrowleaf,175,175,206,206,177,177,100,100,156,162,152,152,163,173,105,105,193,193,224,224,-1,-1,116,116,195,195,234,242,108,108
SJ4,narrowleaf,169,169,206,206,177,177,100,100,156,156,150,150,163,163,96,105,193,193,226,226,-1,-1,116,116,195,201,242,242,108,108
XHE13,narrowleaf,169,169,206,206,177,177,100,100,156,156,156,158,163,163,105,105,190,190,226,232,145,145,116,116,191,191,234,240,108,116
He-7,narrowleaf,169,175,206,206,141,177,100,100,156,156,150,154,163,163,99,105,190,190,228,232,-1,-1,116,116,195,195,236,238,116,116
Nul,narrowleaf,169,169,206,206,177,177,100,100,156,162,154,156,163,163,105,105,190,196,224,226,145,145,116,116,191,191,236,238,106,114
MT2,trichocarpa,181,181,206,206,174,177,100,100,156,156,158,158,167,171,99,99,187,196,224,224,133,133,116,120,191,195,232,232,106,108
MT8,trichocarpa,181,184,206,206,177,177,97,97,156,156,158,158,163,167,90,93,187,193,222,222,133,137,108,120,191,195,224,234,112,112
OM81,trichocarpa,181,181,206,206,177,189,109,109,156,156,152,154,171,171,99,99,187,196,222,222,135,137,116,124,195,203,226,228,106,108
OM90_1,trichocarpa,163,181,206,206,177,180,103,106,156,156,152,152,167,169,90,90,187,187,224,224,133,137,108,120,191,195,224,224,104,108
SH1,trichocarpa,-1,-1,206,206,177,180,100,100,156,156,156,158,171,171,90,90,187,187,224,224,145,145,116,116,191,197,-1,-1,104,106
SH2,trichocarpa,-1,-1,206,206,177,177,100,112,156,156,152,156,171,171,90,90,187,187,224,224,133,145,120,120,199,203,222,234,104,104
SH3,trichocarpa,-1,-1,206,206,177,180,100,100,156,156,156,158,171,171,90,90,187,199,224,224,145,145,116,116,195,195,222,222,104,106
SH5,trichocarpa,-1,-1,206,206,180,180,100,100,156,156,152,160,171,171,90,90,-1,-1,224,224,137,141,120,124,195,201,-1,-1,106,106
SH10,trichocarpa,187,187,206,206,-1,-1,100,100,156,156,152,154,163,171,90,102,187,196,224,224,131,131,120,120,199,199,234,234,106,108
LP2,trichocarpa,172,172,209,209,177,189,100,100,156,156,150,152,171,171,90,99,187,187,222,222,133,133,120,120,195,199,238,242,104,108
LP5,trichocarpa,172,181,206,209,177,177,100,100,156,156,152,164,171,171,90,99,187,187,222,222,133,133,112,120,195,199,236,236,110,110
LP8,trichocarpa,172,181,206,209,177,177,100,100,156,156,152,164,171,171,90,99,187,187,222,222,133,133,112,120,195,199,236,236,110,110
ER4,trichocarpa,184,184,206,206,177,177,100,103,156,156,154,156,171,173,90,99,187,187,224,224,133,137,116,124,203,211,226,232,104,104
ER6,trichocarpa,163,163,206,206,177,177,100,100,156,156,148,167,167,171,90,90,187,187,224,224,133,137,120,120,195,217,224,226,104,110
LP4,trichocarpa,172,181,206,209,177,177,100,100,156,156,152,164,171,171,90,99,187,187,222,222,133,133,112,120,195,199,236,240,110,110
LP6,trichocarpa,172,187,206,209,177,189,100,100,156,156,150,152,171,171,99,99,187,187,222,222,133,137,120,120,195,195,236,236,104,104
LP7,trichocarpa,172,172,206,209,177,177,100,100,156,156,152,158,171,171,90,90,187,187,222,222,139,139,120,120,195,195,222,230,104,104
MT1,trichocarpa,181,181,206,206,174,180,100,103,156,156,152,152,-1,-1,99,99,184,187,222,222,133,137,116,120,199,203,-1,-1,106,108
OM88,trichocarpa,181,193,206,206,177,177,109,109,156,156,156,166,161,171,90,90,-1,-1,222,222,133,137,108,116,197,213,224,224,104,112
OM89,trichocarpa,163,181,206,206,177,189,109,109,156,156,152,154,171,171,90,99,-1,-1,224,224,133,137,116,124,195,203,228,244,106,112
TT1,trichocarpa,163,163,206,206,177,177,103,109,156,156,156,164,167,171,87,93,-1,-1,222,222,133,137,108,120,197,201,222,224,108,110
V10,trichocarpa,160,160,206,206,174,177,115,115,156,156,156,156,169,169,87,102,187,187,224,224,-1,-1,-1,-1,-1,-1,222,222,104,106
V11,trichocarpa,160,160,206,206,174,177,115,115,156,156,156,156,169,169,87,102,187,187,224,224,137,137,108,120,203,203,222,222,104,106
V12,trichocarpa,157,157,206,206,174,177,97,100,156,156,150,162,163,169,87,87,187,187,224,224,133,135,108,116,203,203,222,226,106,106
V3,trichocarpa,157,157,206,206,177,177,91,97,156,156,150,164,169,169,87,87,187,196,224,224,133,139,116,116,203,207,222,224,106,106
V4,trichocarpa,-1,-1,206,206,174,174,106,106,156,156,164,166,169,169,87,87,187,196,224,224,133,137,104,116,203,209,224,230,104,106
V5,trichocarpa,157,163,206,206,177,177,91,103,156,156,160,164,169,169,87,87,187,187,224,224,135,137,116,116,209,209,224,224,106,106
V8,trichocarpa,157,157,206,206,177,177,100,103,156,156,164,166,169,169,87,87,187,190,224,224,133,133,108,120,203,205,222,222,106,106
V9,trichocarpa,160,160,206,206,174,177,115,115,156,156,156,156,169,169,87,102,187,187,224,224,137,137,108,120,203,203,222,222,104,106
NKZ1,nkz,169,175,206,206,177,177,100,100,162,162,154,154,163,173,96,105,190,190,224,226,145,145,116,116,197,197,-1,-1,106,108
NKZ2,nkz,169,175,206,206,177,177,100,100,162,162,154,154,163,173,96,105,190,190,224,226,145,145,116,116,195,197,-1,-1,106,108
NKZ3,nkz,169,169,206,206,177,177,100,100,153,162,156,156,163,163,96,99,190,190,226,230,147,147,116,116,195,201,238,238,-1,-1
NKZ6,nkz,169,169,206,206,177,177,97,100,156,162,150,156,163,173,96,99,190,190,226,226,145,145,116,116,197,197,242,242,108,108
NKZ8,nkz,175,175,206,206,177,177,97,100,162,162,154,156,173,173,96,96,190,190,224,226,145,145,116,116,189,197,234,240,106,108
NKZ9,nkz,169,175,206,206,177,177,100,100,162,162,154,154,163,173,96,96,190,190,224,226,145,145,116,116,189,197,234,238,106,114
NKZ10,nkz,169,169,206,206,177,177,100,100,153,162,154,156,163,163,96,99,190,190,224,226,145,145,116,116,195,197,234,234,108,108
NKZ11,nkz,169,169,206,206,177,177,97,100,153,162,154,156,173,173,96,99,190,190,224,226,145,145,116,116,197,197,234,236,110,116
NKZ12,nkz,169,190,206,206,177,177,97,100,153,162,154,156,173,173,96,99,190,190,224,206,145,145,116,116,197,197,234,236,110,116
NKZ13,nkz,169,169,206,206,177,177,97,100,153,162,154,156,173,173,96,99,190,190,224,226,145,145,116,116,197,197,234,236,110,116
NKZ14,nkz,175,175,206,206,171,177,97,100,153,162,150,156,163,171,96,99,187,190,222,224,133,133,116,120,197,199,236,236,106,110
NKZ15,nkz,169,169,206,206,177,177,100,100,156,162,152,156,163,173,90,99,-1,-1,222,224,137,137,116,120,189,197,236,236,108,108
NKZu2,nkz,169,169,206,206,177,177,97,100,156,162,150,156,163,173,96,99,190,190,226,226,145,145,116,116,197,197,-1,-1,108,108
NNG1,nng,175,175,206,206,177,177,100,106,156,162,156,160,163,173,96,99,190,199,224,226,145,145,116,116,189,189,238,238,110,114
NNG2,nng,169,169,206,206,177,177,97,97,153,156,158,158,163,165,99,105,190,190,224,226,149,149,116,116,189,197,234,236,108,116
NNG8,nng,163,163,206,206,177,177,100,100,153,156,156,156,161,163,96,105,190,199,224,224,145,153,116,116,189,197,234,240,110,114
NNG9,nng,169,193,206,206,177,177,100,100,153,156,156,156,161,163,96,105,190,199,224,224,145,153,116,116,189,197,234,240,110,114
NNGu1,nng,169,172,206,209,177,177,100,103,153,156,154,164,163,171,105,105,187,190,222,224,133,133,116,120,191,199,-1,-1,104,116
NNGu2,nng,169,178,206,206,177,177,100,103,156,156,152,156,163,171,99,105,-1,-1,222,226,137,137,116,120,191,197,222,222,104,110
NNGu3,nng,169,181,209,209,177,183,97,100,156,156,154,158,163,171,90,99,-1,-1,222,226,137,137,116,120,189,191,220,220,112,116
XNEC1,nec,169,178,206,206,177,177,97,100,153,156,156,158,163,163,99,105,190,190,224,224,145,145,116,116,189,197,240,240,108,114
XNEC6,nec,169,169,206,206,177,177,100,100,162,162,158,158,163,163,96,96,190,190,224,230,-1,-1,116,116,195,197,230,234,106,108
XNEC7,nec,-1,-1,206,206,177,177,100,100,156,162,158,158,163,163,96,96,190,190,224,230,145,145,116,116,195,195,234,236,108,108
XNEC9,nec,169,169,206,206,177,177,100,100,156,162,156,158,163,163,96,96,190,190,226,226,145,145,116,116,195,197,234,236,106,108
XNEC11,nec,169,169,206,206,177,177,100,100,156,162,154,154,163,163,96,96,190,190,226,226,145,145,116,116,195,197,234,234,106,108
XNEC12,nec,169,169,206,206,177,177,100,100,156,162,154,154,163,163,96,96,190,190,226,230,145,145,116,116,195,197,234,234,106,108
XNEC16,nec,169,169,206,206,177,177,100,100,156,162,154,154,163,173,99,105,190,199,224,226,-1,-1,116,116,191,199,232,234,108,114
NSC6,nsc,169,193,206,206,177,177,97,100,156,162,156,156,163,163,99,105,190,190,224,224,153,153,116,116,189,197,234,242,106,110
NSC1,nsc,169,169,206,206,177,177,100,100,153,156,158,158,163,163,96,99,190,190,224,224,137,145,116,116,191,197,232,236,106,108
XNSC8,nsc,169,178,206,206,177,177,97,100,156,162,156,156,163,163,99,105,190,190,224,224,153,153,116,116,189,197,234,242,106,110
XNSC9,nsc,169,169,206,206,177,177,97,97,156,162,156,156,163,163,96,96,190,190,224,226,137,145,116,116,189,197,236,240,108,112
XNSC7,nsc,187,187,206,206,177,177,97,100,156,162,156,156,163,163,99,105,190,190,224,224,153,153,116,116,189,197,234,242,106,110
NSV1,nsv,169,178,206,206,177,177,100,103,156,156,158,162,173,173,90,111,187,199,224,226,137,137,116,120,195,197,234,236,108,108
NSV2,nsv,169,181,206,206,177,177,100,100,153,153,156,158,163,163,96,105,190,196,226,226,137,137,116,116,195,197,236,240,106,108
NSV3,nsv,187,187,206,206,168,177,94,100,153,156,156,156,163,185,90,96,187,196,224,226,137,137,116,120,191,195,240,240,106,110
NSV4,nsv,169,169,206,206,177,177,97,106,156,156,156,158,173,173,99,105,187,199,224,228,-1,-1,116,116,193,193,234,242,106,110
NSV5,nsv,169,175,206,206,177,177,100,100,156,156,152,152,173,173,99,99,196,196,224,224,-1,-1,116,116,193,195,234,234,106,108
NSV6,nsv,-1,-1,206,206,177,177,100,100,153,156,156,156,163,173,105,105,190,190,226,226,-1,-1,116,116,191,197,234,240,106,108
NSV7,nsv,169,187,206,206,177,177,100,100,156,162,156,156,163,163,105,105,190,190,226,226,-1,-1,116,116,191,197,234,240,106,110
NSV8,nsv,169,169,206,206,177,177,97,100,162,162,154,158,163,173,99,105,190,196,224,224,147,147,116,116,185,197,-1,-1,108,108
NSV9,nsv,169,187,206,206,-1,-1,97,100,153,162,152,156,163,163,96,99,190,199,226,226,145,145,116,116,193,197,232,234,108,110
NSV10,nsv,175,187,206,206,177,177,100,100,156,156,152,158,163,173,96,96,190,199,224,226,-1,-1,116,116,185,193,236,238,108,108
NSV11,nsv,-1,-1,206,206,177,177,100,100,153,162,156,158,163,173,99,99,190,196,224,224,147,149,116,116,197,197,234,234,108,108
NSV13,nsv,169,187,206,206,177,177,100,100,153,156,156,158,163,173,96,96,190,190,224,226,145,149,116,116,185,195,234,234,108,108
NSV15,nsv,187,187,206,206,-1,-1,100,100,156,156,156,156,163,173,99,102,196,196,224,226,147,147,116,116,191,193,234,236,108,108
NSV16,nsv,169,187,206,206,177,177,100,100,156,162,156,158,163,173,96,105,190,196,226,226,-1,-1,116,116,191,191,232,234,106,110
NSV18,nsv,169,169,206,206,-1,-1,100,100,156,156,158,158,163,173,99,105,190,190,224,228,-1,-1,116,116,191,201,234,238,106,108
NSV19,nsv,187,187,206,206,177,177,100,100,156,156,158,158,163,173,99,105,190,199,224,228,-1,-1,116,116,191,201,234,238,106,108
NSV20,nsv,169,169,206,206,177,177,97,100,153,162,152,158,163,173,99,105,190,196,224,228,-1,-1,116,116,193,201,234,236,106,108
NSV21,nsv,169,169,206,206,177,177,100,106,156,162,156,158,163,173,99,105,196,196,224,228,145,153,116,116,197,199,234,238,106,110
NSV22,nsv,-1,-1,206,206,177,177,100,100,156,156,158,158,163,173,-1,-1,196,199,226,228,153,153,116,116,197,199,234,238,106,108
NSV23,nsv,-1,-1,206,206,177,177,100,100,156,162,156,158,163,163,96,99,196,199,224,228,-1,-1,116,116,191,197,238,238,106,108
NSV24,nsv,193,193,206,206,177,177,97,100,156,162,158,158,173,173,99,105,190,199,224,228,-1,-1,116,116,193,193,234,234,110,114
NSP1,nsp,169,169,206,206,-1,-1,100,106,156,162,156,156,163,163,96,96,190,190,224,226,145,145,116,116,189,197,238,244,114,114
NSP3,nsp,169,169,206,206,-1,-1,100,106,156,162,156,156,163,163,96,96,190,190,224,226,145,145,116,116,189,197,238,242,114,114
NSP4,nsp,169,169,206,206,-1,-1,100,106,156,162,156,156,163,163,96,96,190,190,224,226,145,145,116,116,189,197,238,238,114,114
XNOS1,nos,169,169,206,206,177,177,100,100,156,156,156,160,163,163,99,105,190,193,224,224,149,149,116,116,195,195,242,244,106,110
XNOS2,nos,169,169,206,206,177,177,100,100,156,156,156,160,163,163,99,105,190,193,224,224,149,149,116,116,195,195,242,248,106,110
NOS1,nos,169,169,206,206,177,177,100,100,156,156,156,160,163,163,99,105,190,193,224,224,149,149,116,116,-1,-1,242,248,106,110
XNOS5,nos,163,163,194,206,168,177,100,103,156,156,160,166,169,185,87,90,184,187,224,224,133,137,116,120,191,203,222,222,110,110
XNOS6,nos,169,169,194,206,168,177,100,103,156,156,160,166,169,185,87,90,184,187,224,224,133,137,116,120,191,203,222,222,110,110
NWV1,nwv,187,187,206,206,177,177,100,100,153,156,156,158,163,163,99,99,190,190,226,228,145,147,116,116,191,193,242,242,106,110
NWV10,nwv,169,169,206,206,177,177,97,106,153,156,156,158,163,163,96,99,190,193,226,226,-1,-1,116,116,195,195,234,236,106,108
NWV2,nwv,169,169,206,206,177,177,100,100,153,156,156,158,163,163,99,99,190,190,226,228,145,147,116,116,191,193,242,242,106,110
NWV4,nwv,-1,-1,206,206,177,177,100,100,162,162,156,158,163,173,96,105,190,199,226,226,149,149,116,116,193,193,232,236,108,110
NWV5,nwv,169,169,206,206,177,177,100,100,153,162,156,158,163,173,105,111,190,190,226,232,149,149,116,116,191,193,234,234,108,110
NWV6,nwv,-1,-1,206,206,177,177,97,100,156,162,156,156,163,173,96,111,190,193,226,226,149,149,116,116,195,197,232,234,106,108
NWV7,nwv,169,187,206,206,177,177,100,100,156,162,156,156,163,173,96,111,190,199,226,234,149,149,116,116,193,197,232,234,108,116
NLH3,nlh,169,169,206,206,177,177,97,97,156,156,156,156,163,163,96,96,190,190,224,224,-1,-1,116,116,195,195,236,242,108,110
NLH2,nlh,169,187,206,206,177,177,97,97,156,156,156,156,163,163,96,96,190,190,224,224,-1,-1,116,116,195,195,236,244,108,110
NLH1,nlh,169,169,206,206,177,177,97,97,156,156,156,156,163,163,96,96,190,190,224,224,-1,-1,116,116,195,195,236,244,108,110
NLH7,nlh,169,169,206,206,177,177,97,97,156,156,156,156,163,163,96,96,190,190,224,224,-1,-1,116,116,195,195,236,246,108,110
NLH9,nlh,169,169,206,206,177,177,97,97,156,156,156,156,163,163,114,114,190,190,224,224,-1,-1,116,116,195,195,236,244,108,110
NBK1,nbk,169,181,206,206,177,177,97,97,156,162,152,158,163,171,99,102,190,196,224,224,133,133,116,120,193,195,232,242,110,112
NBK2,nbk,169,181,206,206,177,177,97,97,156,162,152,158,163,171,99,102,190,196,224,224,133,133,116,120,193,195,230,242,110,112
NBK3x,nbk,169,181,206,206,177,177,97,97,156,162,152,158,163,171,99,102,190,196,224,224,133,133,116,120,193,195,230,242,110,112
NBK4,nbk,169,181,206,206,177,177,97,97,156,162,152,158,163,171,99,102,190,196,224,224,133,133,116,120,193,195,230,246,110,110
NBK5x,nbk,169,178,206,206,177,177,100,109,156,171,160,166,171,171,96,102,187,196,224,224,137,137,112,120,195,199,222,222,104,108
NBK6,nbk,169,181,206,206,177,177,97,97,156,162,152,158,163,171,99,102,190,196,224,224,133,133,116,120,193,195,230,246,110,110
NBK7,nbk,169,181,206,206,177,177,97,97,156,162,152,158,163,171,99,102,190,196,224,224,133,133,116,120,193,195,230,242,110,112
NBK9,nbk,169,181,206,206,177,177,97,97,156,162,152,158,163,171,99,102,190,196,224,224,133,133,116,120,193,195,230,242,110,110
NLX1,nlx,169,169,206,206,177,177,100,106,156,162,-1,-1,163,163,99,105,184,190,226,226,145,145,116,116,195,197,232,238,108,108
NLX2,nlx,169,169,206,206,177,177,100,106,156,162,-1,-1,163,163,99,105,184,190,224,226,145,145,116,116,195,197,232,238,108,108
NLX4,nlx,169,169,206,206,177,177,100,106,156,162,-1,-1,163,163,99,105,184,190,224,226,145,145,116,116,195,197,232,238,108,108
NLX6,nlx,169,169,206,206,-1,-1,100,100,156,156,148,158,163,173,96,105,190,190,226,232,-1,-1,116,116,191,197,238,240,108,116
NLX9,nlx,169,169,206,206,-1,-1,97,100,156,156,158,158,163,173,99,105,190,190,226,230,145,145,116,116,189,195,234,234,110,114
NLX12,nlx,169,169,206,206,-1,-1,100,100,156,156,158,158,163,163,99,105,190,190,226,230,-1,-1,116,116,189,197,234,234,108,114
NLX14,nlx,169,190,206,206,177,177,100,100,156,162,156,156,163,173,99,105,190,190,226,226,-1,-1,116,116,195,197,234,242,108,110
NLX16,nlx,169,190,206,206,177,177,100,100,156,162,158,158,163,173,99,105,190,190,226,226,-1,-1,116,116,195,197,234,238,108,110
NLX17,nlx,169,169,206,206,177,177,100,100,156,162,156,158,163,163,99,105,190,190,224,224,145,145,116,116,195,195,236,238,116,116
NLX19,nlx,169,169,206,206,177,177,100,100,156,162,156,158,163,163,99,105,190,190,224,224,-1,-1,116,116,189,199,236,244,110,116
NLX23,nlx,169,169,206,206,177,177,100,100,156,162,156,158,163,163,99,105,190,190,224,224,-1,-1,116,116,189,199,236,246,110,116
NLX22,nlx,169,169,206,206,177,177,100,100,156,162,154,156,163,163,99,105,190,190,224,224,-1,-1,116,116,189,199,-1,-1,-1,-1
NLX24,nlx,190,190,206,206,177,177,100,100,156,156,156,156,163,163,96,105,190,190,224,224,145,145,116,116,197,199,232,234,108,108
NLX25,nlx,169,169,206,206,177,177,97,100,153,162,156,158,163,173,96,105,190,190,224,224,145,145,116,116,195,195,232,240,108,116
NLX28,nlx,169,169,206,206,177,177,97,100,156,156,156,158,163,163,99,105,190,190,226,226,-1,-1,116,116,195,197,238,246,114,116
NLX29,nlx,169,169,206,206,177,177,97,100,153,162,156,158,163,173,96,105,190,190,224,224,145,145,116,116,195,195,232,240,108,116
NLX30,nlx,169,169,206,206,177,177,97,100,156,162,148,158,173,173,99,105,190,193,224,226,145,147,116,116,195,201,234,246,110,116
NLX31,nlx,169,169,206,206,177,177,97,100,156,162,148,156,163,173,96,99,190,193,224,226,147,147,116,116,197,201,234,238,108,116
NLX33,nlx,169,175,206,206,177,177,97,100,162,162,150,156,163,173,105,105,190,190,224,230,-1,-1,116,116,195,199,240,248,108,108
NLX34,nlx,169,169,206,206,177,177,100,100,153,162,154,156,163,173,99,105,190,193,224,226,145,147,116,116,191,201,240,242,110,116
NLX35,nlx,169,169,206,206,177,177,100,100,153,156,148,156,163,173,96,99,193,193,224,226,145,145,116,116,189,205,240,244,108,116
NSN2,nsn,169,169,206,206,177,177,100,100,153,156,152,156,163,163,96,96,190,190,224,226,-1,-1,116,116,189,191,236,240,108,116
NSN3,nsn,169,169,206,206,177,177,100,100,156,156,156,158,163,163,96,96,190,193,224,224,145,145,116,116,191,197,234,236,106,114
NSN6,nsn,169,190,206,206,177,177,100,100,156,156,156,158,163,173,99,105,190,193,226,226,147,147,116,116,197,197,242,246,108,108
NSN10,nsn,169,169,206,206,177,177,97,100,156,156,156,158,173,173,96,105,190,190,226,226,147,147,116,116,189,191,236,240,106,116
NSN11,nsn,169,169,206,206,177,177,97,100,156,156,156,158,173,173,96,105,190,190,226,226,147,147,116,116,189,191,236,242,106,116
NSN14,nsn,169,169,206,206,177,177,97,100,153,156,156,158,163,163,96,96,190,190,226,226,-1,-1,116,116,189,195,234,240,108,108
NSN16,nsn,169,169,206,206,177,177,97,100,153,156,156,156,163,163,96,96,193,193,224,226,145,147,116,116,191,195,236,236,106,116
NSN18,nsn,169,169,206,206,177,177,97,97,156,156,156,160,173,173,99,105,190,193,224,224,145,145,116,116,193,197,232,234,114,114
NSN19,nsn,169,169,206,206,177,177,97,97,156,156,156,160,173,173,99,105,190,193,224,224,145,145,116,116,193,197,234,236,108,114
NSN21,nsn,169,169,206,206,177,177,100,100,156,156,156,158,173,173,99,105,193,196,224,226,147,147,116,116,189,197,232,234,106,112
NSN23,nsn,169,169,206,206,177,177,100,100,156,156,158,158,163,173,96,99,190,190,224,224,147,147,116,116,191,191,240,248,106,110
NSN22,nsn,175,175,206,206,177,177,100,100,153,156,156,158,163,173,96,105,190,190,224,224,-1,-1,116,116,189,193,236,236,106,116
NSN25,nsn,169,169,206,206,177,177,97,100,153,153,156,156,163,173,96,99,190,190,224,226,-1,-1,116,116,191,195,238,238,106,116
NSN26,nsn,169,169,206,206,177,177,100,100,162,162,156,158,163,163,96,105,190,190,224,226,145,145,116,116,191,197,240,242,106,114
NSN27,nsn,169,190,206,206,-1,-1,100,100,156,162,156,158,163,163,96,96,190,190,224,224,147,147,116,116,191,197,236,236,106,106
NSN30,nsn,169,169,206,206,177,177,100,100,153,156,156,156,163,163,96,96,190,190,224,226,-1,-1,116,116,191,197,236,240,106,108
NSN31,nsn,169,169,206,206,177,177,100,100,153,156,156,156,173,173,96,99,190,190,224,226,-1,-1,116,116,189,191,242,242,106,108
NSN34,nsn,169,169,206,206,177,177,100,100,156,162,156,156,163,163,99,105,190,190,224,226,145,145,116,116,191,197,234,236,110,114
NSN38,nsn,169,169,206,206,177,177,97,100,156,162,156,156,163,173,96,105,190,193,224,224,-1,-1,116,116,189,189,232,246,108,114
NSN39,nsn,169,169,206,206,177,177,100,106,156,156,156,158,163,163,96,105,190,190,224,224,-1,-1,116,116,189,195,232,234,108,110
NSN40,nsn,169,181,206,209,177,177,100,100,153,156,152,156,163,171,90,105,187,196,224,224,133,133,116,120,189,191,234,236,108,114
NSN42,nsn,169,190,206,206,177,177,97,100,156,156,158,160,163,173,96,99,190,190,224,228,-1,-1,116,116,191,195,234,236,108,112
KC1 or 10,kc,-1,-1,206,209,-1,-1,115,115,153,156,152,156,163,171,96,99,187,190,222,224,141,141,120,120,-1,-1,222,238,106,110
XKC1,kc,169,172,206,209,177,177,100,100,153,156,152,156,163,171,90,99,187,190,222,224,137,149,116,116,-1,-1,222,238,106,110
KC21,kc,169,172,206,209,177,177,100,100,153,156,152,156,163,171,90,99,187,190,222,222,137,149,116,116,-1,-1,222,238,106,110
NWR4,nwr,184,184,206,206,183,183,103,103,165,165,146,148,171,173,93,93,187,187,200,200,151,151,-1,-1,199,199,230,232,106,106
NWR6,nwr,184,184,206,206,183,186,109,127,165,165,148,148,171,191,93,93,190,190,200,200,147,151,-1,-1,199,199,214,214,106,114
NWR1,nwr,-1,-1,206,206,171,177,100,103,153,156,152,158,171,173,90,99,187,190,222,224,137,137,116,120,191,195,234,238,108,108
NWR3,nwr,184,184,194,206,183,183,109,127,156,168,146,146,171,173,93,93,187,187,200,200,147,149,-1,-1,199,199,222,226,106,108
NWR5,nwr,184,184,194,206,183,183,100,100,165,165,146,148,171,171,93,93,187,190,200,200,147,147,-1,-1,199,205,214,222,106,108
NPC1,npc,187,187,206,206,177,177,97,100,156,156,156,158,163,171,90,96,187,196,222,224,141,141,112,116,191,201,236,236,108,116
NPC3,npc,190,190,206,206,177,177,97,100,156,156,156,158,163,171,90,96,187,196,222,224,141,141,112,116,191,201,236,236,108,116
NPC5,npc,169,187,206,206,177,177,100,103,156,156,154,158,163,171,99,105,187,190,222,226,133,133,112,116,195,195,220,236,104,110
NPC9,npc,169,169,206,206,177,177,100,103,-1,-1,154,158,163,171,99,105,187,190,222,226,133,133,112,116,195,195,222,222,104,110
NPC10,npc,169,187,206,206,177,177,100,103,156,156,154,158,163,171,99,105,187,-1,-1,226,133,133,112,116,195,195,222,236,104,110
XNCM1,ncm,178,187,206,209,177,177,100,106,156,156,152,164,171,171,90,99,187,199,222,222,133,137,120,120,195,195,226,236,104,104
NCM1,ncm,178,187,206,209,177,177,100,106,156,156,-1,-1,171,171,90,99,187,199,222,222,133,137,120,120,195,195,226,236,104,104
NCM2,ncm,184,184,206,206,177,183,100,100,156,156,148,152,171,171,90,93,187,196,200,222,133,151,120,120,189,199,222,228,106,108
XNCM1+,ncm,184,184,194,194,183,183,127,130,159,165,146,146,171,171,93,93,187,187,200,200,141,153,-1,-1,199,203,214,230,106,108
NR1,nr,169,169,206,209,177,183,100,100,156,156,156,158,163,171,90,105,-1,-1,222,232,137,137,116,120,195,197,236,238,106,110
NR3,nr,169,187,206,209,177,183,100,100,156,156,156,158,163,171,90,105,-1,-1,222,232,137,137,116,120,195,197,228,240,106,110
NR4,nr,169,187,206,209,177,177,100,100,156,156,156,158,163,171,90,105,-1,-1,222,232,137,137,116,120,195,197,234,238,106,110
NR5,nr,169,184,206,209,177,183,100,100,156,156,156,158,163,171,90,105,-1,-1,222,232,137,137,116,120,195,197,240,244,106,110
NR6,nr,169,184,206,209,177,183,100,100,156,156,156,158,163,171,90,105,-1,-1,222,232,137,137,116,120,193,195,232,240,106,110
NR7,nr,-1,-1,206,209,177,183,100,100,156,156,156,158,163,171,90,105,-1,-1,222,232,137,137,116,120,193,197,236,240,106,110
NBR2,nbr,-1,-1,206,206,177,177,100,100,156,156,-1,-1,171,173,102,105,187,196,222,224,137,141,116,120,-1,-1,226,238,104,108
NBR5,nbr,178,181,206,206,177,177,100,100,156,156,-1,-1,171,173,102,105,187,196,222,224,137,141,116,120,-1,-1,-1,-1,104,108
NKC1,nkc,169,181,206,209,177,183,97,100,156,156,154,158,163,171,90,99,-1,-1,222,226,137,137,116,120,189,191,220,236,112,116
NKC3,nkc,187,187,206,206,177,177,100,109,156,171,158,164,171,171,96,102,187,196,222,222,137,137,112,120,195,199,222,222,104,108
NKC9,nkc,169,181,206,209,177,183,97,100,156,156,154,158,163,171,90,99,-1,-1,222,226,137,137,116,120,189,191,220,236,112,116
NKC11,nkc,178,181,206,209,177,177,100,109,156,156,156,162,171,171,99,102,187,193,222,226,137,137,120,120,195,199,234,234,104,104
NKC12,nkc,181,187,206,206,177,177,100,100,156,171,162,164,171,171,90,90,187,196,222,222,133,137,120,120,195,199,224,234,104,104
NKC13,nkc,187,187,206,206,177,177,100,103,156,171,150,158,171,171,96,102,187,193,222,222,133,137,120,120,189,199,234,234,108,108
NKC15,nkc,-1,-1,206,206,177,177,100,100,156,162,154,164,163,171,99,102,-1,-1,224,224,133,133,116,120,191,195,226,234,108,110
NKC16,nkc,181,181,206,206,168,183,100,103,156,159,154,170,177,183,90,93,187,190,200,226,137,137,120,120,191,213,220,220,110,110
NKC17,nkc,184,187,206,206,177,183,103,103,156,156,152,164,171,173,90,93,187,190,200,222,147,147,120,120,195,205,220,238,104,106
NWC1,nwc,169,169,206,206,177,177,100,100,156,156,154,154,163,171,102,105,187,190,222,226,139,139,116,120,191,195,234,234,104,114
NWC2,nwc,160,169,206,206,177,177,100,100,156,156,154,154,163,171,102,105,187,190,222,206,139,139,116,120,191,195,234,240,104,114
NWC3,nwc,169,169,206,206,177,177,100,100,156,156,154,154,163,171,102,105,187,190,222,226,139,139,116,120,191,195,234,240,104,114
NWC4,nwc,172,187,209,209,177,177,100,103,156,156,152,166,171,171,99,102,-1,-1,222,222,133,139,120,120,195,195,234,234,104,108
NWC6,nwc,169,169,206,206,183,183,100,100,153,156,154,158,163,163,105,105,190,190,222,226,145,145,116,116,195,197,232,234,104,106
NWC9,nwc,169,169,206,206,183,183,100,100,153,156,-1,-1,163,163,105,105,190,190,222,226,145,145,116,116,195,197,232,234,104,106
NWC12,nwc,169,187,206,206,177,177,100,103,156,156,144,154,163,169,90,105,187,190,222,222,137,137,112,116,191,199,222,234,104,114
NWC11,nwc,-1,-1,206,206,177,177,100,103,156,156,144,154,163,169,90,105,187,190,224,224,-1,-1,112,116,191,199,-1,-1,104,114
NSJ1,nsj,169,187,206,206,177,177,100,103,156,156,144,154,163,169,90,105,187,190,222,222,137,137,112,116,191,199,222,234,104,114
NSJ6,nsj,169,169,206,206,177,177,100,103,156,156,144,154,163,169,90,105,187,190,222,222,137,137,112,116,191,199,222,234,104,114
NSJ8,nsj,169,187,206,206,177,177,100,103,156,156,144,154,163,169,90,105,187,190,222,222,137,137,112,116,191,199,222,234,104,114
NSJ9,nsj,169,187,206,206,177,177,100,103,156,156,144,154,163,169,90,105,187,190,222,222,137,137,112,116,191,199,224,224,104,114
NSJ10,nsj,169,187,206,206,177,177,100,103,156,156,144,154,163,169,90,105,187,190,222,222,137,137,112,116,191,199,224,234,104,114
NSJ11,nsj,169,187,206,206,177,177,100,103,156,156,144,154,163,169,90,105,187,190,222,222,137,137,112,116,191,199,222,234,104,114
NSJ12,nsj,169,187,206,206,177,177,100,103,156,156,144,154,163,169,90,105,187,190,222,222,137,137,112,116,191,199,222,234,104,114
NSJ19,nsj,169,187,206,206,177,177,100,103,156,156,144,154,163,169,90,105,187,190,222,224,137,137,112,116,191,199,222,234,104,114
NSJ22,nsj,169,190,206,209,183,183,97,100,153,156,156,162,163,171,99,102,-1,-1,222,222,137,137,112,116,195,199,232,234,104,106
NSJ24,nsj,169,190,206,209,183,183,97,100,153,156,156,162,163,171,99,102,-1,-1,222,230,137,137,112,116,195,199,232,234,104,106
NMV1,nmv,169,184,206,209,171,177,100,103,156,156,156,156,163,167,102,105,-1,-1,222,226,133,133,116,120,195,195,226,226,106,106
NMV2,nmv,169,181,206,209,171,177,100,103,156,156,156,156,163,167,102,105,-1,-1,222,226,133,133,116,120,195,195,226,226,106,106
NMV3,nmv,169,184,206,209,171,177,100,103,156,156,156,156,163,167,102,105,-1,-1,222,226,133,133,116,120,195,195,226,240,106,106
NPV2,npv,169,184,194,206,177,183,100,100,153,156,-1,-1,163,171,-1,-1,190,196,200,224,137,149,116,116,-1,-1,232,232,106,116
NPV5,npv,169,184,194,206,177,183,100,100,153,156,-1,-1,163,171,-1,-1,190,196,200,224,133,133,112,116,193,199,-1,-1,108,116
NPV6,npv,169,169,194,206,177,183,100,100,153,156,-1,-1,163,171,-1,-1,190,196,200,224,133,133,112,116,193,199,230,238,108,116
NPV7,npv,169,184,194,206,177,183,100,100,153,156,-1,-1,163,171,-1,-1,190,196,200,224,133,133,112,116,193,199,230,238,108,116
NPV12,npv,169,184,194,206,177,183,100,100,153,156,-1,-1,163,171,-1,-1,190,196,200,224,137,149,116,116,-1,-1,232,238,108,116
NPV1,npv,169,184,194,206,177,183,100,100,153,156,-1,-1,163,171,-1,-1,190,196,200,224,137,149,116,116,-1,-1,230,230,106,116
NPV4,npv,169,184,194,206,177,183,100,100,153,156,-1,-1,-1,-1,-1,-1,190,196,200,224,133,133,112,116,193,199,-1,-1,108,116
NPV8,npv,169,169,194,206,177,183,100,100,153,156,-1,-1,163,171,-1,-1,190,196,200,224,137,149,116,116,-1,-1,-1,-1,108,116
NPV9,npv,169,184,194,206,177,183,100,100,153,156,-1,-1,163,171,-1,-1,190,196,200,224,133,133,112,116,193,199,-1,-1,108,116
NPV11,npv,169,184,-1,-1,177,177,97,100,153,156,-1,-1,163,171,-1,-1,-1,-1,-1,-1,133,133,112,116,193,199,234,242,108,112
NPV14,npv,169,184,-1,-1,177,177,97,100,153,156,-1,-1,163,171,-1,-1,-1,-1,-1,-1,-1,-1,116,120,-1,-1,234,240,108,112
NPV15,npv,169,184,-1,-1,177,177,97,100,153,156,-1,-1,163,171,-1,-1,-1,-1,-1,-1,-1,-1,116,120,-1,-1,234,234,108,108
NPV16,npv,169,184,-1,-1,177,177,97,100,153,156,-1,-1,163,171,-1,-1,-1,-1,-1,-1,-1,-1,116,120,-1,-1,234,242,108,112
NCC4,ncc,169,169,206,206,177,177,100,103,156,156,152,156,163,171,99,105,-1,-1,222,226,137,137,116,120,191,197,222,240,104,110
NCC6,ncc,169,178,206,206,177,177,100,103,156,156,152,156,163,171,99,105,-1,-1,222,226,137,137,116,120,191,197,224,240,104,110
NGM1,ngm,-1,-1,206,206,177,177,100,100,156,156,156,166,163,171,96,105,-1,-1,222,230,133,133,112,116,193,199,238,242,110,110
NGM7,ngm,169,172,206,206,177,177,100,100,156,156,156,166,163,171,96,105,-1,-1,222,230,133,133,112,116,193,199,238,240,110,110
NGM13,ngm,169,172,206,206,177,177,100,100,156,156,156,166,163,171,96,105,-1,-1,222,230,133,133,112,116,193,199,238,238,110,110
NGM14,ngm,169,172,206,206,177,177,100,100,156,156,156,166,163,171,96,105,-1,-1,222,230,133,133,112,116,193,199,238,248,110,110
XNGM1,ngm,-1,-1,206,206,177,177,100,100,156,156,156,166,163,171,96,105,-1,-1,222,230,133,133,112,116,193,199,238,242,110,110